源路径,源文件夹,路由,状态,文件token,源folder_token,目标folder_token,子路径,目标末级子文件夹,时间,错误
Stripe Report Data Reorg/.ipynb_checkpoints/StripeData-checkpoint.ipynb,Stripe Report Data Reorg/.ipynb_checkpoints,fallback,跳过-fallback保留原位,NJEYbTpudoOyjoxs9XFctNBbnBe,EDGLfRhtylZQEQd8fErcaM4mnbd,,,,2026-07-28T01:51:12.393895,
Stripe Report Data Reorg/StripeData (冲突_1785202024).ipynb,Stripe Report Data Reorg,fallback,跳过-fallback保留原位,BxpvbOS75okX2QxXWp6cxnJJnie,V3RRfSfG2lLaHcdKci2c2VganJb,,,,2026-07-28T01:51:12.394174,
Stripe Report Data Reorg/Q1-2025 Stripe Report Raw (冲突_1785202023).xlsx,Stripe Report Data Reorg,fallback,跳过-fallback保留原位,Y2nJbPg8UohFYAxQlencCwJonqf,V3RRfSfG2lLaHcdKci2c2VganJb,,,,2026-07-28T01:51:12.394425,
Stripe Report Data Reorg/Q1-2025 Stripe Report Raw (冲突_1785202013).csv,Stripe Report Data Reorg,fallback,跳过-fallback保留原位,ZWlYbj08ho1l2wxnr5lcwsf0ndb,V3RRfSfG2lLaHcdKci2c2VganJb,,,,2026-07-28T01:51:12.394670,
Stripe Report Data Reorg/StripeData.ipynb,Stripe Report Data Reorg,fallback,跳过-fallback保留原位,KoenbQoU9oClZYxNKglcrx1znCd,V3RRfSfG2lLaHcdKci2c2VganJb,,,,2026-07-28T01:51:12.394837,
Stripe Report Data Reorg/Q1-2025 Stripe Report Raw.xlsx,Stripe Report Data Reorg,fallback,跳过-fallback保留原位,EUPebwI48oSGiMxAYQQcJE1pnDd,V3RRfSfG2lLaHcdKci2c2VganJb,,,,2026-07-28T01:51:12.395008,
Stripe Report Data Reorg/Q1-2025 Stripe Report Raw.csv,Stripe Report Data Reorg,fallback,跳过-fallback保留原位,H0fob8CnRoPQmUxm3JFcZSm3nih,V3RRfSfG2lLaHcdKci2c2VganJb,,,,2026-07-28T01:51:12.395262,
CBC Report Data Reorg/.ipynb_checkpoints/CBCData-checkpoint.ipynb,CBC Report Data Reorg/.ipynb_checkpoints,fallback,跳过-fallback保留原位,L4RbbKSbFowOL8x8s3qc0IAtnXb,R36dfoKicltWW3dxsNmcijXInNf,,,,2026-07-28T01:51:12.395444,
CBC Report Data Reorg/Q1-2025 CBC Report Raw (冲突_1785202023).xlsx,CBC Report Data Reorg,fallback,跳过-fallback保留原位,AMXKbCL8VomBRxx1MkGcERj1nRd,Rk6uf5g6il9fBcdXDmLcUVO0n0b,,,,2026-07-28T01:51:12.395683,
CBC Report Data Reorg/CBCData (冲突_1785202026).ipynb,CBC Report Data Reorg,fallback,跳过-fallback保留原位,ZYRobPzJroVBzexRsLhcjELunkd,Rk6uf5g6il9fBcdXDmLcUVO0n0b,,,,2026-07-28T01:51:12.395908,
CBC Report Data Reorg/Q1-2025 CBC Report Raw (冲突_1785202018).csv,CBC Report Data Reorg,fallback,跳过-fallback保留原位,RH76bVpDzoSxhJxkfZicCkY2nLh,Rk6uf5g6il9fBcdXDmLcUVO0n0b,,,,2026-07-28T01:51:12.396243,
CBC Report Data Reorg/Q1-2025 CBC Report Raw.xlsx,CBC Report Data Reorg,fallback,跳过-fallback保留原位,Dx0fbBVv2oz1IhxDBg0c9GfqnZe,Rk6uf5g6il9fBcdXDmLcUVO0n0b,,,,2026-07-28T01:51:12.396660,
CBC Report Data Reorg/Q1-2025 CBC Report Raw.csv,CBC Report Data Reorg,fallback,跳过-fallback保留原位,F07Fb0Y8rosne6xKy2bcjJ0jnEZ,Rk6uf5g6il9fBcdXDmLcUVO0n0b,,,,2026-07-28T01:51:12.396879,
CBC Report Data Reorg/CBCData.ipynb,CBC Report Data Reorg,fallback,跳过-fallback保留原位,A38LbwJcMoasi8x0062caHIxnyb,Rk6uf5g6il9fBcdXDmLcUVO0n0b,,,,2026-07-28T01:51:12.397045,
Structure Reorg/InfStones APAC Cayman Restructure Discussion ver 0.04 (冲突_1785202034).pdf,Structure Reorg,fallback,跳过-fallback保留原位,CyGEbmtGjoCi6cxdj4ZcEbpDnjg,RWQZffYj9loHsSdJTmzcnMUXnhb,,,,2026-07-28T01:51:12.397348,
Structure Reorg/02-27-2024 USDTT Proposal for Restructuring (冲突_1785202032).pdf,Structure Reorg,fallback,跳过-fallback保留原位,Ot77bTjj6oTHQWxZbLLcTUpDn7f,RWQZffYj9loHsSdJTmzcnMUXnhb,,,,2026-07-28T01:51:12.397627,
Structure Reorg/InfStones APAC Cayman Restructure Discussion ver 0.02 (冲突_1785202030).pdf,Structure Reorg,fallback,跳过-fallback保留原位,LGsebJLnZoLZQoxLUadcCSG6nUh,RWQZffYj9loHsSdJTmzcnMUXnhb,,,,2026-07-28T01:51:12.397896,
Structure Reorg/InfStones APAC Cayman Restructure Discussion v4.2.1 (冲突_1785202017).pdf,Structure Reorg,fallback,跳过-fallback保留原位,TFRyby2w0olTvVxD7jLcj4TNn3d,RWQZffYj9loHsSdJTmzcnMUXnhb,,,,2026-07-28T01:51:12.398193,
Structure Reorg/08-19-2024 SPG ACRA TIKTOK PTE. LTD. file (冲突_1785202022).pdf,Structure Reorg,fallback,跳过-fallback保留原位,N3hAbGQjpovQj0xGFtNcB7UhnYb,RWQZffYj9loHsSdJTmzcnMUXnhb,,,,2026-07-28T01:51:12.398448,
Structure Reorg/InfStones APAC Cayman Restructure Discussion (冲突_1785202014).pdf,Structure Reorg,fallback,跳过-fallback保留原位,LsSJbt3lYoeD2ixQ7HFcd2dVnTg,RWQZffYj9loHsSdJTmzcnMUXnhb,,,,2026-07-28T01:51:12.398707,
Structure Reorg/08-19-2024 SPG ACRA BYTEDANCE PTE LTD file (冲突_1785202020).pdf,Structure Reorg,fallback,跳过-fallback保留原位,CCFib727iopEn6xVEHucGMEHnng,RWQZffYj9loHsSdJTmzcnMUXnhb,,,,2026-07-28T01:51:12.398960,
Structure Reorg/InfStones APAC Cayman Restructure Discussion ver 0.03 (冲突_1785202029).pdf,Structure Reorg,fallback,跳过-fallback保留原位,KaS8b51f1o1Yn1x2Ezdc0K3Pn6o,RWQZffYj9loHsSdJTmzcnMUXnhb,,,,2026-07-28T01:51:12.399248,
Structure Reorg/APAC Cayman Restructure Discussion (冲突_1785202029).pptx,Structure Reorg,fallback,跳过-fallback保留原位,AsYJb0ycSoYT3ax5RdkcF4BDnse,RWQZffYj9loHsSdJTmzcnMUXnhb,,,,2026-07-28T01:51:12.399496,
Structure Reorg/InfStones APAC Cayman Restructure Discussion.pdf,Structure Reorg,fallback,跳过-fallback保留原位,BdXXbJP2AoZgm1x7g6kcZgeenGb,RWQZffYj9loHsSdJTmzcnMUXnhb,,,,2026-07-28T01:51:12.399676,
Structure Reorg/InfStones APAC Cayman Restructure Discussion ver 0.04.pdf,Structure Reorg,fallback,跳过-fallback保留原位,XfkobiluOoXfi3xHBh9cofPGnve,RWQZffYj9loHsSdJTmzcnMUXnhb,,,,2026-07-28T01:51:12.399847,
Structure Reorg/InfStones APAC Cayman Restructure Discussion ver 0.03.pdf,Structure Reorg,fallback,跳过-fallback保留原位,CwXgb5EcQou7evxldHAccPr1n6f,RWQZffYj9loHsSdJTmzcnMUXnhb,,,,2026-07-28T01:51:12.400182,
Structure Reorg/InfStones APAC Cayman Restructure Discussion ver 0.02.pdf,Structure Reorg,fallback,跳过-fallback保留原位,QbW8bcKVFo2bhsxKRZpc3bAdn5d,RWQZffYj9loHsSdJTmzcnMUXnhb,,,,2026-07-28T01:51:12.400375,
Structure Reorg/InfStones APAC Cayman Restructure Discussion v4.2.1.pdf,Structure Reorg,fallback,跳过-fallback保留原位,NoUJbY0b3okQTWxN1mocxRgkn8g,RWQZffYj9loHsSdJTmzcnMUXnhb,,,,2026-07-28T01:51:12.400555,
Structure Reorg/APAC Cayman Restructure Discussion.pptx,Structure Reorg,fallback,跳过-fallback保留原位,KJI6bmo2woNVSAxLRUuc4R4unxk,RWQZffYj9loHsSdJTmzcnMUXnhb,,,,2026-07-28T01:51:12.400727,
Structure Reorg/08-19-2024 SPG ACRA TIKTOK PTE. LTD. file.pdf,Structure Reorg,fallback,跳过-fallback保留原位,KJjRbc07QouGKexeEsdczkJensg,RWQZffYj9loHsSdJTmzcnMUXnhb,,,,2026-07-28T01:51:12.400900,
Structure Reorg/08-19-2024 SPG ACRA BYTEDANCE PTE LTD file.pdf,Structure Reorg,fallback,跳过-fallback保留原位,FtRAb3ko5oJbtZxFwuxcKWFEnEb,RWQZffYj9loHsSdJTmzcnMUXnhb,,,,2026-07-28T01:51:12.401105,
Structure Reorg/02-27-2024 USDTT Proposal for Restructuring.pdf,Structure Reorg,fallback,跳过-fallback保留原位,ETntbX9IuoXXUMxSshzc1TTHnXd,RWQZffYj9loHsSdJTmzcnMUXnhb,,,,2026-07-28T01:51:12.401281,
